Week,Prediction
1,1050.076404767886
2,2769.1659433650807
3,9871.508546904994
4,815.2803153826593
5,2710.2598254664244
6,8874.966519829406
7,1029.2349010969444
8,2582.446489001833
