Week,Prediction
1,243.4375
2,264.57962
3,230.42944
4,277.2494
5,240.07715
6,216.44133
7,270.2873
8,293.3262
