Week,Prediction
1,567.9023
2,649.5126
3,510.17044
4,494.0372
5,569.0104
6,467.29446
7,458.5043
8,490.8
