Week,Prediction
1,337.1221877277529
2,348.6303616180063
3,262.5859571306617
4,336.0351012012971
5,192.67911464384485
6,291.59972724255005
7,244.7181191857091
8,301.34823784566913
