Week,Prediction
1,32.180405
2,33.792786
3,22.203327
4,0.5181817
5,25.994993
6,5.287334
7,21.830845
8,3.7455838
