Week,Prediction
1,53.831608
2,48.029327
3,43.006496
4,31.38372
5,30.498062
6,26.8562
7,23.593643
8,20.215557
