Week,Prediction
1,40.23899575160137
2,40.26555226567553
3,24.606988766233744
4,24.537178678935433
5,17.635500573152342
6,5.08636838612368
7,26.8445998917749
8,18.418474533865634
