nutrient,mse,rmse
carbohydrates,462976473.1170696,21516.888090917553
protein,2287619.5764778685,1512.487876473021
fat,3291331.0145388553,1814.2025836545529
fiber,109352.13633048264,330.6843454572391
