nutrient,train_mse,train_rmse,test_mse,test_rmse
carbohydrates,1526290626.4159207,39067.769662676175,3098522671.347676,55664.37524438477
fiber,15812.878934507804,125.74927011520903,125098.73830637557,353.6930000811093
protein,3127941.3633334283,1768.5987004782708,2390771.0031085946,1546.2118234926916
fat,35263252.641283885,5938.2870123701405,64228262.05310456,8014.253680356303
