Week,Prediction
1,260.97278716147935
2,361.4793207990699
3,420.1961152072025
4,235.5810138909913
5,441.06016667246615
6,250.0610967158731
7,329.6523937684701
8,585.8021930506827
