Week,Prediction
1,360.7977
2,1085.56
3,58.74028
4,270.381
5,553.16425
6,179.50896
7,405.19116
8,1088.1516
