Week,Prediction
1,245.59229
2,442.9904
3,264.32626
4,433.30798
5,232.63673
6,333.38965
7,228.30656
8,342.88882
