nutrient,mse,rmse
carbohydrates,110406472.56257793,10507.448432544312
protein,579953.2556652769,761.5466208087834
fat,3526776.9750517653,1877.9715053886641
fiber,74906.80474507088,273.69107538440284
