nutrient,mse,rmse
carbohydrates,115732538.5969505,10757.905864848906
protein,253180.939018401,503.17088450982635
fat,3335007.5091448706,1826.2002927239034
fiber,30836.217840146743,175.60244258024073
