Week,Carbohydrates Forecast
1,1159.9787319189177
2,1694.9961207246647
3,1814.1025360993883
4,1841.9457440786312
5,1430.2239249808265
6,2158.463913469352
7,1685.3882959279604
8,1050.076404767886
