Week,Carbohydrates Forecast
1,559.0545
2,706.22656
3,565.97687
4,565.97687
5,223.25807
6,905.4212
7,695.9936
8,549.2806
