Week,Carbohydrates Forecast
1,16079.734440000018
2,20460.583739999987
3,63915.017629999944
4,65929.78736999995
5,10776.188050000008
6,32929.16461999998
7,63458.10216999995
8,35382.58523000002
