Week,Fat Forecast
1,490.88007
2,231.9087
3,253.75339
4,717.45465
5,702.3236
6,227.845
7,228.63826
8,243.4375
