Week,Fat Forecast
1,314.75827
2,296.02615
3,393.4258
4,640.8439
5,760.53796
6,428.47473
7,348.51233
8,372.2003
