Week,Fat Forecast
1,418.6446129670326
2,324.837335834025
3,316.59682386652514
4,478.97027452184324
5,461.2459759122688
6,422.8225847629911
7,304.5220558731605
8,337.1221877277529
