Week,Fat Forecast
1,2071.6906000000004
2,3493.931639999998
3,12102.305830000012
4,4628.788449999998
5,2948.0631199999975
6,3964.2545900000005
7,10178.76105000001
8,9270.567329999998
