Week,Fiber Forecast
1,195.37718
2,107.9271
3,62.79432
4,288.47693
5,119.90277
6,103.15586
7,115.27646
8,55.434364
