Week,Fiber Forecast
1,231.59721
2,27.762753
3,32.180405
4,231.59721
5,0.064955056
6,33.792786
7,29.96911
8,32.180405
