Week,Fiber Forecast
1,15.279349999999999
2,71.958
3,860.6293100000006
4,280.5388599999999
5,381.4460500000002
6,587.4437800000003
7,45.307749999999984
8,109.40268999999996
