Week,Fiber Forecast
1,323.18298
2,367.26794
3,1314.7665
4,821.06647
5,641.5793
6,411.1707
7,441.45065
8,260.838
