Week,Fiber Forecast
1,146.03741602955006
2,58.468598050674785
3,57.080130483731935
4,155.4240084134247
5,9.138433875195487
6,154.05560364379187
7,45.193858054465984
8,40.23899575160137
