Week,Fiber Forecast
1,0.05103755
2,17.019733
3,1152.3574
4,268.03644
5,358.54327
6,358.54327
7,17.05463
8,108.95735
