Week,Protein Forecast
1,329.88644
2,324.07193
3,389.57605
4,369.3842
5,492.89053
6,442.63696
7,551.0253
8,407.00027
