Week,Protein Forecast
1,1388.6057
2,1079.7563
3,703.98
4,983.0963
5,58.74028
6,415.43982
7,141.3889
8,360.7977
