Week,Protein Forecast
1,335.02142
2,936.40247
3,3926.9714
4,3926.9714
5,335.02142
6,3926.9714
7,2801.873
8,3245.668
