Week,Protein Forecast
1,322.02762247280634
2,303.4792606211516
3,421.93381595393095
4,410.04520651534557
5,114.22386104736735
6,316.2955423448578
7,427.10318836179295
8,260.97278716147935
