Week,Protein Forecast
1,321.42088999999964
2,855.7653000000001
3,3286.57924
4,3421.070809999997
5,679.4023299999998
6,3546.5609099999997
7,3146.7400100000004
8,3392.528229999999
